Jenna Ortega,actor,2
Gwendoline Christie,actor,3
Riki Lindhome,actor,1
Emma Myers,actor,4
Joy Sunday,actor,0
Naomi J. Ogawa,actor,2
Christina Ricci,actor,4
Jamie McShane,actor,2
Hunter Doohan,actor,4
Percy Hynes White,actor,4
Georgie Farmer,actor,0
Johnna Dias-Watson,actor,3
Oliver Watson,actor,1
Victor Dorobantu,actor,2
Moosa Mostafa,actor,3
Daniel Himschoot,actor,3
Luyanda Unati Lewis-Nyawo,actor,1
Iman Marson,actor,0
Calum Ross,actor,2
Cezar Grumazescu,actor,1
Tommie Earl Jenkins,actor,1
Catherine Zeta-Jones,actor,2
Morgan Beale,actor,1
George Burcea,actor,0
Islam Bouakkaz,actor,0
William Houston,actor,4
Karina Varadi,actor,4
Rina Mahoney,actor,0
Georgia Goodman,actor,3
Murray McArthur,actor,3
Fred Armisen,actor,2
Luis Guzm�n,actor,1
Olimpia Malai,actor,0
Isaac Ordonez,actor,1
Nitin Ganatra,actor,0
Lucius Hoyos,actor,2
Cheherezade Valentine Okotaka Ebale,actor,4
Oliver Wickham,actor,4
Edward Kennedy,actor,1
Ismail Kesu,actor,3
Caroline Lawrie,actor,4
Lachele Carl,actor,2
Gwen Jones,actor,4
Lisa O'Hare,actor,0
Sophia Nomvete,actor,2
Ichir� Y�ki,actor,1
Amanda Drew,actor,4
Ryan Ellsworth,actor,3
Gloria Garcia,actor,0
Gracy Goldman,actor,3
Lewis Hayes,actor,1
Philip Rosch,actor,2
Michael Okele,actor,1
Chloe Cate,actor,1
Jenny Umbhau,stunt ,4
Daniel Visan,stunt ,4
Nailah Johnson,stunt ,2
Kinga Kives,stunt ,3
Alexandre Lopoka,stunt ,4
Milena Brewster,stunt ,4
Maxime Coulon,stunt ,3
Gabrielle Anne Desy,stunt ,1
Victoria Goodman,stunt ,3
Daniel Himschoot,stunt ,3
Matt Kennedy,stunt ,0
Kaanchana Kerr,stunt ,3
Darlene Pineda,stunt ,2
Phedra Syndelle,stunt ,0
Alexandra Vilcsek,stunt ,3
Charles Rowland,figurant/extra,3
Elisha Chandler,figurant/extra,3
Hallie Andersen,figurant/extra,4
Charles Rowland,figurant/extra,4
Elisha Chandler,figurant/extra,0
Reagan Serrano,figurant/extra,2
Maddison Brennan,figurant/extra,0
Sonia Horn,figurant/extra,1
Leonardo Butler,figurant/extra,2
Adalyn Anthony,figurant/extra,1
Leonidas Alvarez,figurant/extra,0
Mariyah Levine,figurant/extra,2
Isabella Cisneros,figurant/extra,3
Kade Cuevas,figurant/extra,2
Mariyah Levine,figurant/extra,3
Jade Hull,figurant/extra,3
Reagan Serrano,figurant/extra,3
Jade Hull,figurant/extra,2
Reagan Serrano,figurant/extra,2
Reagan Serrano,figurant/extra,1
Walter Hays,figurant/extra,3
Reese Spears,figurant/extra,4
Reagan Serrano,figurant/extra,3
Jade Hull,figurant/extra,2
Reagan Serrano,figurant/extra,4
Leonidas Alvarez,figurant/extra,1
Susan Burke,figurant/extra,0
Tiana Reese,figurant/extra,2
Tiana Reese,figurant/extra,2
Barrett Mcintyre,figurant/extra,0
Walter Hays,figurant/extra,4
Jesse Cisneros,figurant/extra,3
Daisy Kline,figurant/extra,2
Leonidas Alvarez,figurant/extra,1
Maddison Brennan,figurant/extra,1
Leonardo Butler,figurant/extra,0
Tiana Reese,figurant/extra,3
Pedro Nash,figurant/extra,0
Reagan Serrano,figurant/extra,2
Carsen Jenkins,figurant/extra,0
Sarai Boyer,figurant/extra,2
Tiana Reese,figurant/extra,4
Billy Barry,figurant/extra,3
Kayden Cantu,figurant/extra,3
Ryann Good,figurant/extra,0
Sonia Horn,figurant/extra,4
Dania Pugh,figurant/extra,0
Ray Gould,figurant/extra,0
Ray Gould,figurant/extra,3
Rebecca Pitts,figurant/extra,4
Beau Watkins,figurant/extra,2
Reese Spears,figurant/extra,1
Reese Spears,figurant/extra,1
Susan Burke,figurant/extra,0
Travis Buck,figurant/extra,4
Daisy Kline,figurant/extra,1
Sarai Boyer,figurant/extra,1
Eleanor Baldwin,figurant/extra,2
Eleanor Baldwin,figurant/extra,4
Barrett Mcintyre,figurant/extra,4
Jessie Townsend,figurant/extra,4
Tiana Reese,figurant/extra,1
Billy Barry,figurant/extra,3
Adalyn Anthony,figurant/extra,2
Isabella Cisneros,figurant/extra,1
Pedro Nash,figurant/extra,1
Billy Barry,figurant/extra,2
Walter Hays,figurant/extra,0
Leonidas Alvarez,figurant/extra,0
Jade Hull,figurant/extra,1
Charles Rowland,figurant/extra,2
Charles Rowland,figurant/extra,3
Ray Gould,figurant/extra,2
Elisha Chandler,figurant/extra,1
Adalyn Anthony,figurant/extra,4
Beau Watkins,figurant/extra,2
Dania Pugh,figurant/extra,3
Carsen Jenkins,figurant/extra,1
Billy Barry,figurant/extra,1
Sarai Boyer,figurant/extra,4
Daisy Kline,figurant/extra,4
Elisha Chandler,figurant/extra,3
Travis Buck,figurant/extra,2
Sonia Horn,figurant/extra,0
Beau Watkins,figurant/extra,0
Gunner Soto,figurant/extra,0
Tiana Reese,figurant/extra,1
Billy Barry,figurant/extra,2
Kade Cuevas,figurant/extra,3
Rebecca Pitts,figurant/extra,2
Carsen Jenkins,figurant/extra,2
Jazlyn House,figurant/extra,2
Jazlyn House,figurant/extra,4
Susan Burke,figurant/extra,2
Leonardo Butler,figurant/extra,1
Tiana Reese,figurant/extra,0
Jessie Townsend,figurant/extra,3
Maddison Brennan,figurant/extra,0
Beau Watkins,figurant/extra,1
Tiana Reese,figurant/extra,4
Isabella Cisneros,figurant/extra,2
Jessie Townsend,figurant/extra,0
Ray Gould,figurant/extra,1
Jesse Cisneros,figurant/extra,2
Sarai Boyer,figurant/extra,1
Jessie Townsend,figurant/extra,2
Walter Hays,figurant/extra,0
Leonardo Butler,figurant/extra,0
Elisha Chandler,figurant/extra,3
Jazlyn House,figurant/extra,2
Carsen Jenkins,figurant/extra,2
Ada Peterson,figurant/extra,3
Reagan Serrano,figurant/extra,4
Lucy Thompson,figurant/extra,2
Kyla Jimenez,figurant/extra,3
Pedro Nash,figurant/extra,2
Aydin Reynolds,figurant/extra,4
Tiana Reese,figurant/extra,3
Sonia Horn,figurant/extra,4
Jesse Cisneros,figurant/extra,0
Beau Watkins,figurant/extra,4
Charles Rowland,figurant/extra,2
Katherine Fischer,figurant/extra,4
Charles Rowland,figurant/extra,1
Carsen Jenkins,figurant/extra,3
Dania Pugh,figurant/extra,4
Jessie Townsend,figurant/extra,4
Rebecca Pitts,figurant/extra,4
Hallie Andersen,figurant/extra,1
Daisy Kline,figurant/extra,4
Reagan Serrano,figurant/extra,1
Lucy Thompson,figurant/extra,0
